id,Fecha,Gestion,Mes,DiasLaborares,HorasMes
5,2024-01-01,2024,1,23.0,184.0
5,2024-02-01,2024,2,21.0,168.0
5,2024-03-01,2024,3,21.0,168.0
5,2024-04-01,2024,4,22.0,176.0
5,2024-05-01,2024,5,23.0,184.0
5,2024-06-01,2024,6,20.0,160.0
5,2024-07-01,2024,7,23.0,184.0
5,2024-08-01,2024,8,22.0,176.0
5,2024-09-01,2024,9,21.0,168.0
5,2024-10-01,2024,10,23.0,184.0
5,2024-11-01,2024,11,21.0,168.0
5,2024-12-01,2024,12,22.0,176.0
5,2025-01-01,2025,1,21.0,168.0
5,2025-02-01,2025,2,20.0,160.0
5,2025-03-01,2025,3,19.0,152.0
5,2025-04-01,2025,4,21.0,168.0
5,2025-05-01,2025,5,21.0,168.0
5,2025-06-01,2025,6,19.0,152.0
5,2025-07-01,2025,7,23.0,184.0
5,2025-08-01,2025,8,20.0,160.0
5,2025-09-01,2025,9,22.0,176.0
5,2025-10-01,2025,10,23.0,184.0
5,2025-11-01,2025,11,19.0,152.0
6,2024-01-01,2024,1,23.0,184.0
6,2024-02-01,2024,2,21.0,168.0
6,2024-03-01,2024,3,21.0,168.0
6,2024-04-01,2024,4,22.0,176.0
6,2024-05-01,2024,5,23.0,184.0
6,2024-06-01,2024,6,20.0,160.0
6,2024-07-01,2024,7,23.0,184.0
6,2024-08-01,2024,8,22.0,176.0
6,2024-09-01,2024,9,21.0,168.0
6,2024-10-01,2024,10,23.0,184.0
6,2024-11-01,2024,11,21.0,168.0
6,2024-12-01,2024,12,22.0,176.0
6,2025-01-01,2025,1,21.0,168.0
6,2025-02-01,2025,2,20.0,160.0
6,2025-03-01,2025,3,19.0,152.0
6,2025-04-01,2025,4,21.0,168.0
6,2025-05-01,2025,5,21.0,168.0
6,2025-06-01,2025,6,19.0,152.0
6,2025-07-01,2025,7,23.0,184.0
6,2025-08-01,2025,8,20.0,160.0
6,2025-09-01,2025,9,22.0,176.0
6,2025-10-01,2025,10,23.0,184.0
6,2025-11-01,2025,11,19.0,152.0
8,2024-01-01,2024,1,23.0,184.0
8,2024-02-01,2024,2,21.0,168.0
8,2024-03-01,2024,3,21.0,168.0
8,2024-04-01,2024,4,22.0,176.0
8,2024-05-01,2024,5,23.0,184.0
8,2024-06-01,2024,6,16.0,128.0
8,2024-07-01,2024,7,23.0,184.0
8,2024-08-01,2024,8,22.0,176.0
8,2024-09-01,2024,9,21.0,168.0
8,2024-10-01,2024,10,23.0,184.0
8,2024-11-01,2024,11,21.0,168.0
8,2024-12-01,2024,12,22.0,176.0
8,2025-01-01,2025,1,21.0,168.0
8,2025-02-01,2025,2,20.0,160.0
8,2025-03-01,2025,3,19.0,152.0
8,2025-04-01,2025,4,21.0,168.0
8,2025-05-01,2025,5,21.0,168.0
8,2025-06-01,2025,6,19.0,152.0
8,2025-07-01,2025,7,23.0,184.0
8,2025-08-01,2025,8,20.0,160.0
8,2025-09-01,2025,9,22.0,176.0
8,2025-10-01,2025,10,23.0,184.0
8,2025-11-01,2025,11,19.0,152.0
9,2024-01-01,2024,1,23.0,184.0
9,2024-02-01,2024,2,21.0,168.0
9,2024-03-01,2024,3,21.0,168.0
9,2024-04-01,2024,4,22.0,176.0
9,2024-05-01,2024,5,23.0,184.0
9,2024-06-01,2024,6,20.0,160.0
9,2024-07-01,2024,7,23.0,184.0
9,2024-08-01,2024,8,22.0,176.0
9,2024-09-01,2024,9,21.0,168.0
9,2024-10-01,2024,10,23.0,184.0
9,2024-11-01,2024,11,21.0,168.0
9,2024-12-01,2024,12,22.0,176.0
9,2025-01-01,2025,1,21.0,168.0
9,2025-02-01,2025,2,20.0,160.0
9,2025-03-01,2025,3,19.0,152.0
9,2025-04-01,2025,4,21.0,168.0
9,2025-05-01,2025,5,21.0,168.0
9,2025-06-01,2025,6,19.0,152.0
9,2025-07-01,2025,7,23.0,184.0
9,2025-08-01,2025,8,20.0,160.0
9,2025-09-01,2025,9,22.0,176.0
9,2025-10-01,2025,10,23.0,184.0
9,2025-11-01,2025,11,19.0,152.0
10,2024-01-01,2024,1,23.0,184.0
10,2024-02-01,2024,2,21.0,168.0
10,2024-03-01,2024,3,21.0,168.0
10,2024-04-01,2024,4,22.0,176.0
10,2024-05-01,2024,5,23.0,184.0
10,2024-06-01,2024,6,20.0,160.0
10,2024-07-01,2024,7,23.0,184.0
10,2024-08-01,2024,8,22.0,176.0
10,2024-09-01,2024,9,21.0,168.0
10,2024-10-01,2024,10,23.0,184.0
10,2024-11-01,2024,11,21.0,168.0
10,2024-12-01,2024,12,22.0,176.0
10,2025-01-01,2025,1,21.0,168.0
10,2025-02-01,2025,2,20.0,160.0
10,2025-03-01,2025,3,19.0,152.0
10,2025-04-01,2025,4,21.0,168.0
10,2025-05-01,2025,5,21.0,168.0
10,2025-06-01,2025,6,19.0,152.0
10,2025-07-01,2025,7,23.0,184.0
10,2025-08-01,2025,8,20.0,160.0
10,2025-09-01,2025,9,22.0,176.0
10,2025-10-01,2025,10,23.0,184.0
10,2025-11-01,2025,11,19.0,152.0
11,2024-01-01,2024,1,23.0,184.0
11,2024-02-01,2024,2,21.0,168.0
11,2024-03-01,2024,3,21.0,168.0
11,2024-04-01,2024,4,22.0,176.0
11,2024-05-01,2024,5,23.0,184.0
11,2024-06-01,2024,6,20.0,160.0
11,2024-07-01,2024,7,23.0,184.0
11,2024-08-01,2024,8,22.0,176.0
11,2024-09-01,2024,9,21.0,168.0
11,2024-10-01,2024,10,23.0,184.0
11,2024-11-01,2024,11,21.0,168.0
11,2024-12-01,2024,12,22.0,176.0
11,2025-01-01,2025,1,21.0,168.0
11,2025-02-01,2025,2,20.0,160.0
11,2025-03-01,2025,3,19.0,152.0
11,2025-04-01,2025,4,21.0,168.0
11,2025-05-01,2025,5,21.0,168.0
11,2025-06-01,2025,6,19.0,152.0
11,2025-07-01,2025,7,23.0,184.0
11,2025-08-01,2025,8,20.0,160.0
11,2025-09-01,2025,9,22.0,176.0
11,2025-10-01,2025,10,23.0,184.0
11,2025-11-01,2025,11,19.0,152.0
12,2024-01-01,2024,1,23.0,184.0
12,2024-02-01,2024,2,21.0,168.0
12,2024-03-01,2024,3,21.0,168.0
12,2024-04-01,2024,4,22.0,176.0
12,2024-05-01,2024,5,23.0,184.0
12,2024-06-01,2024,6,20.0,160.0
12,2024-07-01,2024,7,23.0,184.0
12,2024-08-01,2024,8,22.0,176.0
12,2024-09-01,2024,9,21.0,168.0
12,2024-10-01,2024,10,23.0,184.0
12,2024-11-01,2024,11,21.0,168.0
12,2024-12-01,2024,12,22.0,176.0
12,2025-01-01,2025,1,21.0,168.0
12,2025-02-01,2025,2,20.0,160.0
12,2025-03-01,2025,3,19.0,152.0
12,2025-04-01,2025,4,21.0,168.0
12,2025-05-01,2025,5,21.0,168.0
12,2025-06-01,2025,6,19.0,152.0
12,2025-07-01,2025,7,23.0,184.0
12,2025-08-01,2025,8,20.0,160.0
12,2025-09-01,2025,9,22.0,176.0
12,2025-10-01,2025,10,23.0,184.0
12,2025-11-01,2025,11,19.0,152.0
13,2024-01-01,2024,1,23.0,184.0
13,2024-02-01,2024,2,21.0,168.0
13,2024-03-01,2024,3,21.0,168.0
13,2024-04-01,2024,4,22.0,176.0
13,2024-05-01,2024,5,23.0,184.0
13,2024-06-01,2024,6,20.0,160.0
13,2024-07-01,2024,7,23.0,184.0
13,2024-08-01,2024,8,15.0,120.0
13,2024-09-01,2024,9,21.0,168.0
13,2024-10-01,2024,10,23.0,184.0
13,2024-11-01,2024,11,21.0,168.0
13,2024-12-01,2024,12,20.0,160.0
13,2025-01-01,2025,1,19.0,152.0
13,2025-02-01,2025,2,20.0,160.0
13,2025-03-01,2025,3,19.0,152.0
13,2025-04-01,2025,4,21.0,168.0
13,2025-05-01,2025,5,21.0,168.0
13,2025-06-01,2025,6,19.0,152.0
13,2025-07-01,2025,7,23.0,184.0
13,2025-08-01,2025,8,20.0,160.0
13,2025-09-01,2025,9,20.0,160.0
13,2025-10-01,2025,10,23.0,184.0
13,2025-11-01,2025,11,19.0,152.0
14,2024-01-01,2024,1,23.0,184.0
14,2024-02-01,2024,2,21.0,168.0
14,2024-03-01,2024,3,-10.0,-80.0
14,2024-04-01,2024,4,22.0,176.0
14,2024-05-01,2024,5,23.0,184.0
14,2024-06-01,2024,6,20.0,160.0
14,2024-07-01,2024,7,23.0,184.0
14,2024-08-01,2024,8,22.0,176.0
14,2024-09-01,2024,9,8.0,64.0
14,2024-10-01,2024,10,19.0,152.0
14,2024-11-01,2024,11,21.0,168.0
14,2024-12-01,2024,12,11.0,88.0
14,2025-01-01,2025,1,9.0,72.0
14,2025-02-01,2025,2,20.0,160.0
14,2025-03-01,2025,3,19.0,152.0
14,2025-04-01,2025,4,21.0,168.0
14,2025-05-01,2025,5,21.0,168.0
14,2025-06-01,2025,6,19.0,152.0
14,2025-07-01,2025,7,23.0,184.0
14,2025-08-01,2025,8,20.0,160.0
14,2025-09-01,2025,9,22.0,176.0
14,2025-10-01,2025,10,23.0,184.0
14,2025-11-01,2025,11,19.0,152.0
15,2024-01-01,2024,1,23.0,184.0
15,2024-02-01,2024,2,21.0,168.0
15,2024-03-01,2024,3,17.0,136.0
15,2024-04-01,2024,4,22.0,176.0
15,2024-05-01,2024,5,22.0,176.0
15,2024-06-01,2024,6,18.0,144.0
15,2024-07-01,2024,7,18.0,144.0
15,2024-08-01,2024,8,6.0,48.0
15,2024-09-01,2024,9,21.0,168.0
15,2024-10-01,2024,10,16.4375,131.5
15,2024-11-01,2024,11,19.94791666675,159.583333334
15,2024-12-01,2024,12,17.34375,138.75
15,2025-01-01,2025,1,18.8125,150.5
15,2025-02-01,2025,2,19.458333333375,155.666666667
15,2025-03-01,2025,3,18.40625,147.25
15,2025-04-01,2025,4,21.0,168.0
15,2025-05-01,2025,5,21.0,168.0
15,2025-06-01,2025,6,18.28125,146.25
15,2025-07-01,2025,7,19.375,155.0
15,2025-08-01,2025,8,11.0,88.0
15,2025-09-01,2025,9,21.333333333375,170.666666667
15,2025-10-01,2025,10,23.0,184.0
15,2025-11-01,2025,11,18.0,144.0
17,2024-01-01,2024,1,23.0,184.0
17,2024-02-01,2024,2,21.0,168.0
17,2024-03-01,2024,3,21.0,168.0
17,2024-04-01,2024,4,22.0,176.0
17,2024-05-01,2024,5,23.0,184.0
17,2024-06-01,2024,6,13.0,104.0
17,2024-07-01,2024,7,23.0,184.0
17,2024-08-01,2024,8,22.0,176.0
17,2024-09-01,2024,9,21.0,168.0
17,2024-10-01,2024,10,20.0,160.0
17,2024-11-01,2024,11,21.0,168.0
17,2024-12-01,2024,12,15.0,120.0
17,2025-01-01,2025,1,21.0,168.0
17,2025-02-01,2025,2,20.0,160.0
17,2025-03-01,2025,3,19.0,152.0
17,2025-04-01,2025,4,21.0,168.0
17,2025-05-01,2025,5,21.0,168.0
17,2025-06-01,2025,6,19.0,152.0
17,2025-07-01,2025,7,23.0,184.0
17,2025-08-01,2025,8,20.0,160.0
17,2025-09-01,2025,9,14.125,113.0
17,2025-10-01,2025,10,23.0,184.0
17,2025-11-01,2025,11,19.0,152.0
18,2024-01-01,2024,1,23.0,184.0
18,2024-02-01,2024,2,21.0,168.0
18,2024-03-01,2024,3,21.0,168.0
18,2024-04-01,2024,4,19.0,152.0
18,2024-05-01,2024,5,22.0,176.0
18,2024-06-01,2024,6,10.0,80.0
18,2024-07-01,2024,7,23.0,184.0
18,2024-08-01,2024,8,22.0,176.0
18,2024-09-01,2024,9,18.0,144.0
18,2024-10-01,2024,10,22.0,176.0
18,2024-11-01,2024,11,17.0,136.0
18,2024-12-01,2024,12,22.0,176.0
18,2025-01-01,2025,1,21.0,168.0
18,2025-02-01,2025,2,20.0,160.0
18,2025-03-01,2025,3,19.0,152.0
18,2025-04-01,2025,4,21.0,168.0
18,2025-05-01,2025,5,17.0,136.0
18,2025-06-01,2025,6,19.0,152.0
18,2025-07-01,2025,7,23.0,184.0
18,2025-08-01,2025,8,20.0,160.0
18,2025-09-01,2025,9,22.0,176.0
18,2025-10-01,2025,10,23.0,184.0
18,2025-11-01,2025,11,19.0,152.0
19,2024-01-01,2024,1,23.0,184.0
19,2024-02-01,2024,2,21.0,168.0
19,2024-03-01,2024,3,21.0,168.0
19,2024-04-01,2024,4,22.0,176.0
19,2024-05-01,2024,5,23.0,184.0
19,2024-06-01,2024,6,20.0,160.0
19,2024-07-01,2024,7,22.5,180.0
19,2024-08-01,2024,8,21.5,172.0
19,2024-09-01,2024,9,21.0,168.0
19,2024-10-01,2024,10,23.0,184.0
19,2024-11-01,2024,11,21.0,168.0
19,2024-12-01,2024,12,20.625,165.0
19,2025-01-01,2025,1,20.4375,163.5
19,2025-02-01,2025,2,18.0,144.0
19,2025-03-01,2025,3,18.375,147.0
19,2025-04-01,2025,4,14.0,112.0
19,2025-05-01,2025,5,20.0,160.0
19,2025-06-01,2025,6,17.125,137.0
19,2025-07-01,2025,7,22.125,177.0
19,2025-08-01,2025,8,19.0,152.0
19,2025-09-01,2025,9,19.5,156.0
19,2025-10-01,2025,10,23.0,184.0
19,2025-11-01,2025,11,19.0,152.0
21,2024-01-01,2024,1,23.0,184.0
21,2024-02-01,2024,2,21.0,168.0
21,2024-03-01,2024,3,21.0,168.0
21,2024-04-01,2024,4,22.0,176.0
21,2024-05-01,2024,5,23.0,184.0
21,2024-06-01,2024,6,20.0,160.0
21,2024-07-01,2024,7,17.0,136.0
21,2024-08-01,2024,8,22.0,176.0
21,2024-09-01,2024,9,21.0,168.0
21,2024-10-01,2024,10,23.0,184.0
21,2024-11-01,2024,11,21.0,168.0
21,2024-12-01,2024,12,14.0,112.0
21,2025-01-01,2025,1,21.0,168.0
21,2025-02-01,2025,2,20.0,160.0
21,2025-03-01,2025,3,19.0,152.0
21,2025-04-01,2025,4,21.0,168.0
21,2025-05-01,2025,5,21.0,168.0
21,2025-06-01,2025,6,19.0,152.0
21,2025-07-01,2025,7,23.0,184.0
21,2025-08-01,2025,8,20.0,160.0
21,2025-09-01,2025,9,22.0,176.0
21,2025-10-01,2025,10,23.0,184.0
21,2025-11-01,2025,11,19.0,152.0
23,2024-01-01,2024,1,23.0,184.0
23,2024-02-01,2024,2,21.0,168.0
23,2024-03-01,2024,3,21.0,168.0
23,2024-04-01,2024,4,22.0,176.0
23,2024-05-01,2024,5,23.0,184.0
23,2024-06-01,2024,6,20.0,160.0
23,2024-07-01,2024,7,23.0,184.0
23,2024-08-01,2024,8,22.0,176.0
23,2024-09-01,2024,9,21.0,168.0
23,2024-10-01,2024,10,23.0,184.0
23,2024-11-01,2024,11,21.0,168.0
23,2024-12-01,2024,12,22.0,176.0
23,2025-01-01,2025,1,21.0,168.0
23,2025-02-01,2025,2,20.0,160.0
23,2025-03-01,2025,3,19.0,152.0
23,2025-04-01,2025,4,21.0,168.0
23,2025-05-01,2025,5,21.0,168.0
23,2025-06-01,2025,6,19.0,152.0
23,2025-07-01,2025,7,23.0,184.0
23,2025-08-01,2025,8,20.0,160.0
23,2025-09-01,2025,9,22.0,176.0
23,2025-10-01,2025,10,23.0,184.0
23,2025-11-01,2025,11,19.0,152.0
25,2024-01-01,2024,1,23.0,184.0
25,2024-02-01,2024,2,21.0,168.0
25,2024-03-01,2024,3,21.0,168.0
25,2024-04-01,2024,4,22.0,176.0
25,2024-05-01,2024,5,23.0,184.0
25,2024-06-01,2024,6,20.0,160.0
25,2024-07-01,2024,7,22.0,176.0
25,2024-08-01,2024,8,22.0,176.0
25,2024-09-01,2024,9,21.0,168.0
25,2024-10-01,2024,10,23.0,184.0
25,2024-11-01,2024,11,21.0,168.0
25,2024-12-01,2024,12,22.0,176.0
25,2025-01-01,2025,1,21.0,168.0
25,2025-02-01,2025,2,20.0,160.0
25,2025-03-01,2025,3,8.0,64.0
25,2025-04-01,2025,4,18.0,144.0
25,2025-05-01,2025,5,21.0,168.0
25,2025-06-01,2025,6,19.0,152.0
25,2025-07-01,2025,7,23.0,184.0
25,2025-08-01,2025,8,19.0,152.0
25,2025-09-01,2025,9,22.0,176.0
25,2025-10-01,2025,10,23.0,184.0
25,2025-11-01,2025,11,19.0,152.0
26,2024-01-01,2024,1,23.0,184.0
26,2024-02-01,2024,2,21.0,168.0
26,2024-03-01,2024,3,20.0,160.0
26,2024-04-01,2024,4,19.0,152.0
26,2024-05-01,2024,5,22.0,176.0
26,2024-06-01,2024,6,18.0,144.0
26,2024-07-01,2024,7,15.0,120.0
26,2024-08-01,2024,8,15.0,120.0
26,2024-09-01,2024,9,20.0,160.0
26,2024-10-01,2024,10,23.0,184.0
26,2024-11-01,2024,11,21.0,168.0
26,2024-12-01,2024,12,22.0,176.0
26,2025-01-01,2025,1,21.0,168.0
26,2025-02-01,2025,2,20.0,160.0
26,2025-03-01,2025,3,19.0,152.0
26,2025-04-01,2025,4,21.0,168.0
26,2025-05-01,2025,5,21.0,168.0
26,2025-06-01,2025,6,19.0,152.0
26,2025-07-01,2025,7,23.0,184.0
26,2025-08-01,2025,8,20.0,160.0
26,2025-09-01,2025,9,19.0,152.0
26,2025-10-01,2025,10,23.0,184.0
26,2025-11-01,2025,11,19.0,152.0
27,2024-01-01,2024,1,23.0,184.0
27,2024-02-01,2024,2,21.0,168.0
27,2024-03-01,2024,3,21.0,168.0
27,2024-04-01,2024,4,22.0,176.0
27,2024-05-01,2024,5,23.0,184.0
27,2024-06-01,2024,6,20.0,160.0
27,2024-07-01,2024,7,23.0,184.0
27,2024-08-01,2024,8,17.0,136.0
27,2024-09-01,2024,9,12.0,96.0
27,2024-10-01,2024,10,23.0,184.0
27,2024-11-01,2024,11,21.0,168.0
27,2024-12-01,2024,12,15.0,120.0
27,2025-01-01,2025,1,19.0,152.0
27,2025-02-01,2025,2,20.0,160.0
27,2025-03-01,2025,3,19.0,152.0
27,2025-04-01,2025,4,20.0,160.0
27,2025-05-01,2025,5,21.0,168.0
27,2025-06-01,2025,6,19.0,152.0
27,2025-07-01,2025,7,20.0,160.0
27,2025-08-01,2025,8,20.0,160.0
27,2025-09-01,2025,9,22.0,176.0
27,2025-10-01,2025,10,23.0,184.0
27,2025-11-01,2025,11,19.0,152.0
29,2024-01-01,2024,1,23.0,184.0
29,2024-02-01,2024,2,15.0,120.0
29,2024-03-01,2024,3,19.0,152.0
29,2024-04-01,2024,4,20.0,160.0
29,2024-05-01,2024,5,22.0,176.0
29,2024-06-01,2024,6,15.0,120.0
29,2024-07-01,2024,7,23.0,184.0
29,2024-08-01,2024,8,20.625,165.0
29,2024-09-01,2024,9,16.0,128.0
29,2024-10-01,2024,10,19.0,152.0
29,2024-11-01,2024,11,5.0,40.0
29,2024-12-01,2024,12,5.0,40.0
29,2025-01-01,2025,1,15.0,120.0
29,2025-02-01,2025,2,12.0,96.0
29,2025-03-01,2025,3,11.0,88.0
29,2025-04-01,2025,4,17.0,136.0
29,2025-05-01,2025,5,14.0,112.0
29,2025-06-01,2025,6,15.0,120.0
29,2025-07-01,2025,7,23.0,184.0
29,2025-08-01,2025,8,18.270833333375002,146.16666666700002
29,2025-09-01,2025,9,22.0,176.0
29,2025-10-01,2025,10,23.0,184.0
29,2025-11-01,2025,11,19.0,152.0
33,2024-01-01,2024,1,23.0,184.0
33,2024-02-01,2024,2,21.0,168.0
33,2024-03-01,2024,3,20.0,160.0
33,2024-04-01,2024,4,17.0,136.0
33,2024-05-01,2024,5,18.0,144.0
33,2024-06-01,2024,6,19.0,152.0
33,2024-07-01,2024,7,16.5,132.0
33,2024-08-01,2024,8,15.0,120.0
33,2024-09-01,2024,9,13.5,108.0
33,2024-10-01,2024,10,20.0,160.0
33,2024-11-01,2024,11,21.0,168.0
33,2024-12-01,2024,12,-14.0,-112.0
33,2025-01-01,2025,1,19.0,152.0
33,2025-02-01,2025,2,20.0,160.0
33,2025-03-01,2025,3,19.0,152.0
33,2025-04-01,2025,4,15.875,127.0
33,2025-05-01,2025,5,21.0,168.0
33,2025-06-01,2025,6,18.0,144.0
33,2025-07-01,2025,7,20.0,160.0
33,2025-08-01,2025,8,19.0,152.0
33,2025-09-01,2025,9,22.0,176.0
33,2025-10-01,2025,10,23.0,184.0
33,2025-11-01,2025,11,19.0,152.0
34,2024-01-01,2024,1,23.0,184.0
34,2024-02-01,2024,2,21.0,168.0
34,2024-03-01,2024,3,21.0,168.0
34,2024-04-01,2024,4,22.0,176.0
34,2024-05-01,2024,5,23.0,184.0
34,2024-06-01,2024,6,20.0,160.0
34,2024-07-01,2024,7,23.0,184.0
34,2024-08-01,2024,8,20.0,160.0
34,2024-09-01,2024,9,21.0,168.0
34,2024-10-01,2024,10,22.0,176.0
34,2024-11-01,2024,11,19.0,152.0
34,2024-12-01,2024,12,22.0,176.0
34,2025-01-01,2025,1,18.75,150.0
34,2025-02-01,2025,2,19.0,152.0
34,2025-03-01,2025,3,19.0,152.0
34,2025-04-01,2025,4,21.0,168.0
34,2025-05-01,2025,5,21.0,168.0
34,2025-06-01,2025,6,19.0,152.0
34,2025-07-01,2025,7,19.4375,155.5
34,2025-08-01,2025,8,20.0,160.0
34,2025-09-01,2025,9,19.0,152.0
34,2025-10-01,2025,10,23.0,184.0
34,2025-11-01,2025,11,19.0,152.0
35,2024-01-01,2024,1,23.0,184.0
35,2024-02-01,2024,2,14.0,112.0
35,2024-03-01,2024,3,21.0,168.0
35,2024-04-01,2024,4,20.0,160.0
35,2024-05-01,2024,5,22.0,176.0
35,2024-06-01,2024,6,18.625,149.0
35,2024-07-01,2024,7,18.625,149.0
35,2024-08-01,2024,8,21.0,168.0
35,2024-09-01,2024,9,20.5,164.0
35,2024-10-01,2024,10,23.0,184.0
35,2024-11-01,2024,11,18.6875,149.5
35,2024-12-01,2024,12,17.0,136.0
35,2025-01-01,2025,1,18.8125,150.5
35,2025-02-01,2025,2,18.5,148.0
35,2025-03-01,2025,3,16.0,128.0
35,2025-04-01,2025,4,21.0,168.0
35,2025-05-01,2025,5,21.0,168.0
35,2025-06-01,2025,6,9.0,72.0
35,2025-07-01,2025,7,22.0,176.0
35,2025-08-01,2025,8,18.0,144.0
35,2025-09-01,2025,9,22.0,176.0
35,2025-10-01,2025,10,23.0,184.0
35,2025-11-01,2025,11,19.0,152.0
37,2024-06-01,2024,6,5.0,20.0
37,2024-07-01,2024,7,23.0,92.0
37,2024-08-01,2024,8,22.0,88.0
37,2024-09-01,2024,9,21.0,84.0
37,2024-10-01,2024,10,22.75,91.0
37,2024-11-01,2024,11,21.0,84.0
37,2024-12-01,2024,12,22.0,88.0
37,2025-01-01,2025,1,19.9375,79.75
37,2025-02-01,2025,2,20.0,80.0
37,2025-03-01,2025,3,19.0,76.0
37,2025-04-01,2025,4,19.6875,78.75
37,2025-05-01,2025,5,19.0,76.0
37,2025-06-01,2025,6,13.625,54.5
37,2025-07-01,2025,7,9.0,36.0
37,2025-08-01,2025,8,20.0,80.0
37,2025-09-01,2025,9,20.0,80.0
37,2025-10-01,2025,10,23.0,92.0
37,2025-11-01,2025,11,19.0,76.0
38,2024-01-01,2024,1,23.0,184.0
38,2024-02-01,2024,2,21.0,168.0
38,2024-03-01,2024,3,21.0,168.0
38,2024-04-01,2024,4,17.0,136.0
38,2024-05-01,2024,5,23.0,184.0
38,2024-06-01,2024,6,20.0,160.0
38,2024-07-01,2024,7,22.0,176.0
38,2024-08-01,2024,8,17.0,136.0
38,2024-09-01,2024,9,21.0,168.0
38,2024-10-01,2024,10,23.0,184.0
38,2024-11-01,2024,11,21.0,168.0
38,2024-12-01,2024,12,20.0,160.0
38,2025-01-01,2025,1,21.0,168.0
38,2025-02-01,2025,2,20.0,160.0
38,2025-03-01,2025,3,19.0,152.0
38,2025-04-01,2025,4,14.0,112.0
38,2025-05-01,2025,5,21.0,168.0
38,2025-06-01,2025,6,18.0,144.0
38,2025-07-01,2025,7,20.0,160.0
38,2025-08-01,2025,8,19.0,152.0
38,2025-09-01,2025,9,22.0,176.0
38,2025-10-01,2025,10,23.0,184.0
38,2025-11-01,2025,11,18.0,144.0
39,2024-01-01,2024,1,23.0,184.0
39,2024-02-01,2024,2,18.0,144.0
39,2024-03-01,2024,3,16.0,128.0
39,2024-04-01,2024,4,22.0,176.0
39,2024-05-01,2024,5,23.0,184.0
39,2024-06-01,2024,6,20.0,160.0
39,2024-07-01,2024,7,22.0,176.0
39,2024-08-01,2024,8,17.0,136.0
39,2024-09-01,2024,9,11.0,88.0
39,2024-10-01,2024,10,17.0,136.0
39,2024-11-01,2024,11,20.0,160.0
39,2024-12-01,2024,12,22.0,176.0
39,2025-01-01,2025,1,21.0,168.0
39,2025-02-01,2025,2,20.0,160.0
39,2025-03-01,2025,3,17.0,136.0
39,2025-04-01,2025,4,21.0,168.0
39,2025-05-01,2025,5,15.0,120.0
39,2025-06-01,2025,6,15.0,120.0
39,2025-07-01,2025,7,15.0,120.0
39,2025-08-01,2025,8,19.0,152.0
39,2025-09-01,2025,9,22.0,176.0
39,2025-10-01,2025,10,23.0,184.0
39,2025-11-01,2025,11,19.0,152.0
40,2024-01-01,2024,1,23.0,184.0
40,2024-02-01,2024,2,21.0,168.0
40,2024-03-01,2024,3,20.0,160.0
40,2024-04-01,2024,4,22.0,176.0
40,2024-05-01,2024,5,22.0,176.0
40,2024-06-01,2024,6,17.6875,141.5
40,2024-07-01,2024,7,22.0,176.0
40,2024-08-01,2024,8,21.875,175.0
40,2024-09-01,2024,9,20.0,160.0
40,2024-10-01,2024,10,23.0,184.0
40,2024-11-01,2024,11,20.5,164.0
40,2024-12-01,2024,12,17.5,140.0
40,2025-01-01,2025,1,19.0,152.0
40,2025-02-01,2025,2,20.0,160.0
40,2025-03-01,2025,3,14.0,112.0
40,2025-04-01,2025,4,21.0,168.0
40,2025-05-01,2025,5,20.0,160.0
40,2025-06-01,2025,6,19.0,152.0
40,2025-07-01,2025,7,23.0,184.0
40,2025-08-01,2025,8,20.0,160.0
40,2025-09-01,2025,9,22.0,176.0
40,2025-10-01,2025,10,23.0,184.0
40,2025-11-01,2025,11,19.0,152.0
41,2024-01-01,2024,1,23.0,184.0
41,2024-02-01,2024,2,14.0,112.0
41,2024-03-01,2024,3,21.0,168.0
41,2024-04-01,2024,4,22.0,176.0
41,2024-05-01,2024,5,23.0,184.0
41,2024-06-01,2024,6,20.0,160.0
41,2024-07-01,2024,7,20.0,160.0
41,2024-08-01,2024,8,22.0,176.0
41,2024-09-01,2024,9,18.0,144.0
41,2024-10-01,2024,10,23.0,184.0
41,2024-11-01,2024,11,21.0,168.0
41,2024-12-01,2024,12,22.0,176.0
41,2025-01-01,2025,1,14.0,112.0
41,2025-02-01,2025,2,20.0,160.0
41,2025-03-01,2025,3,19.0,152.0
41,2025-04-01,2025,4,21.0,168.0
41,2025-05-01,2025,5,17.0,136.0
41,2025-06-01,2025,6,19.0,152.0
41,2025-07-01,2025,7,18.0,144.0
41,2025-08-01,2025,8,20.0,160.0
41,2025-09-01,2025,9,22.0,176.0
41,2025-10-01,2025,10,23.0,184.0
41,2025-11-01,2025,11,19.0,152.0
42,2024-01-01,2024,1,23.0,184.0
42,2024-02-01,2024,2,21.0,168.0
42,2024-03-01,2024,3,21.0,168.0
42,2024-04-01,2024,4,22.0,176.0
42,2024-05-01,2024,5,23.0,184.0
42,2024-06-01,2024,6,20.0,160.0
42,2024-07-01,2024,7,23.0,184.0
42,2024-08-01,2024,8,22.0,176.0
42,2024-09-01,2024,9,21.0,168.0
42,2024-10-01,2024,10,23.0,184.0
42,2024-11-01,2024,11,21.0,168.0
42,2024-12-01,2024,12,22.0,176.0
42,2025-01-01,2025,1,21.0,168.0
42,2025-02-01,2025,2,20.0,160.0
42,2025-03-01,2025,3,19.0,152.0
42,2025-04-01,2025,4,21.0,168.0
42,2025-05-01,2025,5,21.0,168.0
42,2025-06-01,2025,6,19.0,152.0
42,2025-07-01,2025,7,23.0,184.0
42,2025-08-01,2025,8,20.0,160.0
42,2025-09-01,2025,9,22.0,176.0
42,2025-10-01,2025,10,23.0,184.0
42,2025-11-01,2025,11,19.0,152.0
43,2024-01-01,2024,1,23.0,184.0
43,2024-02-01,2024,2,17.0,136.0
43,2024-03-01,2024,3,17.0,136.0
43,2024-04-01,2024,4,19.0,152.0
43,2024-05-01,2024,5,20.0,160.0
43,2024-06-01,2024,6,20.0,160.0
43,2024-07-01,2024,7,17.0,136.0
43,2024-08-01,2024,8,21.0,168.0
43,2024-09-01,2024,9,18.5,148.0
43,2024-10-01,2024,10,23.0,184.0
43,2024-11-01,2024,11,14.0,112.0
43,2024-12-01,2024,12,19.0,152.0
43,2025-01-01,2025,1,19.0,152.0
43,2025-02-01,2025,2,20.0,160.0
43,2025-03-01,2025,3,19.0,152.0
43,2025-04-01,2025,4,18.0,144.0
43,2025-05-01,2025,5,21.0,168.0
43,2025-06-01,2025,6,18.0,144.0
43,2025-07-01,2025,7,19.0,152.0
43,2025-08-01,2025,8,19.0,152.0
43,2025-09-01,2025,9,18.0,144.0
43,2025-10-01,2025,10,23.0,184.0
43,2025-11-01,2025,11,18.0,144.0
44,2024-01-01,2024,1,23.0,184.0
44,2024-02-01,2024,2,21.0,168.0
44,2024-03-01,2024,3,21.0,168.0
44,2024-04-01,2024,4,22.0,176.0
44,2024-05-01,2024,5,23.0,184.0
44,2024-06-01,2024,6,15.0,120.0
44,2024-07-01,2024,7,23.0,184.0
44,2024-08-01,2024,8,17.0,136.0
44,2024-09-01,2024,9,21.0,168.0
44,2024-10-01,2024,10,23.0,184.0
44,2024-11-01,2024,11,21.0,168.0
44,2024-12-01,2024,12,22.0,176.0
44,2025-01-01,2025,1,21.0,168.0
44,2025-02-01,2025,2,20.0,160.0
44,2025-03-01,2025,3,19.0,152.0
44,2025-04-01,2025,4,21.0,168.0
44,2025-05-01,2025,5,21.0,168.0
44,2025-06-01,2025,6,19.0,152.0
44,2025-07-01,2025,7,19.0,152.0
44,2025-08-01,2025,8,19.0,152.0
44,2025-09-01,2025,9,22.0,176.0
44,2025-10-01,2025,10,23.0,184.0
44,2025-11-01,2025,11,19.0,152.0
45,2024-01-01,2024,1,23.0,184.0
45,2024-02-01,2024,2,21.0,168.0
45,2024-03-01,2024,3,21.0,168.0
45,2024-04-01,2024,4,22.0,176.0
45,2024-05-01,2024,5,23.0,184.0
45,2024-06-01,2024,6,20.0,160.0
45,2024-07-01,2024,7,23.0,184.0
45,2024-08-01,2024,8,22.0,176.0
45,2024-09-01,2024,9,14.0,112.0
45,2024-10-01,2024,10,23.0,184.0
45,2024-11-01,2024,11,18.0,144.0
45,2024-12-01,2024,12,15.0,120.0
45,2025-01-01,2025,1,17.0,136.0
45,2025-02-01,2025,2,20.0,160.0
45,2025-03-01,2025,3,17.0,136.0
45,2025-04-01,2025,4,20.0,160.0
45,2025-05-01,2025,5,20.0,160.0
45,2025-06-01,2025,6,19.0,152.0
45,2025-07-01,2025,7,23.0,184.0
45,2025-08-01,2025,8,19.0,152.0
45,2025-09-01,2025,9,22.0,176.0
45,2025-10-01,2025,10,23.0,184.0
45,2025-11-01,2025,11,18.5,148.0
46,2024-01-01,2024,1,23.0,184.0
46,2024-02-01,2024,2,12.0,96.0
46,2024-03-01,2024,3,20.0,160.0
46,2024-04-01,2024,4,22.0,176.0
46,2024-05-01,2024,5,23.0,184.0
46,2024-06-01,2024,6,20.0,160.0
46,2024-07-01,2024,7,23.0,184.0
46,2024-08-01,2024,8,22.0,176.0
46,2024-09-01,2024,9,21.0,168.0
46,2024-10-01,2024,10,23.0,184.0
46,2024-11-01,2024,11,21.0,168.0
46,2024-12-01,2024,12,22.0,176.0
46,2025-01-01,2025,1,14.0,112.0
46,2025-02-01,2025,2,20.0,160.0
46,2025-03-01,2025,3,19.0,152.0
46,2025-04-01,2025,4,21.0,168.0
46,2025-05-01,2025,5,21.0,168.0
46,2025-06-01,2025,6,19.0,152.0
46,2025-07-01,2025,7,23.0,184.0
46,2025-08-01,2025,8,20.0,160.0
46,2025-09-01,2025,9,22.0,176.0
46,2025-10-01,2025,10,23.0,184.0
46,2025-11-01,2025,11,19.0,152.0
47,2024-01-01,2024,1,23.0,184.0
47,2024-02-01,2024,2,21.0,168.0
47,2024-03-01,2024,3,21.0,168.0
47,2024-04-01,2024,4,22.0,176.0
47,2024-05-01,2024,5,23.0,184.0
47,2024-06-01,2024,6,20.0,160.0
47,2024-07-01,2024,7,23.0,184.0
47,2024-08-01,2024,8,22.0,176.0
47,2024-09-01,2024,9,21.0,168.0
47,2024-10-01,2024,10,23.0,184.0
47,2024-11-01,2024,11,21.0,168.0
47,2024-12-01,2024,12,15.0,120.0
47,2025-01-01,2025,1,19.0,152.0
47,2025-02-01,2025,2,19.0,152.0
47,2025-03-01,2025,3,19.0,152.0
47,2025-04-01,2025,4,21.0,168.0
47,2025-05-01,2025,5,21.0,168.0
47,2025-06-01,2025,6,16.0,128.0
47,2025-07-01,2025,7,21.0,168.0
47,2025-08-01,2025,8,20.0,160.0
47,2025-09-01,2025,9,22.0,176.0
47,2025-10-01,2025,10,23.0,184.0
47,2025-11-01,2025,11,19.0,152.0
48,2024-01-01,2024,1,23.0,184.0
48,2024-02-01,2024,2,21.0,168.0
48,2024-03-01,2024,3,21.0,168.0
48,2024-04-01,2024,4,22.0,176.0
48,2024-05-01,2024,5,23.0,184.0
48,2024-06-01,2024,6,20.0,160.0
48,2024-07-01,2024,7,23.0,184.0
48,2024-08-01,2024,8,22.0,176.0
48,2024-09-01,2024,9,21.0,168.0
48,2024-10-01,2024,10,23.0,184.0
48,2024-11-01,2024,11,21.0,168.0
48,2024-12-01,2024,12,19.0,152.0
48,2025-01-01,2025,1,21.0,168.0
48,2025-02-01,2025,2,20.0,160.0
48,2025-03-01,2025,3,19.0,152.0
48,2025-04-01,2025,4,21.0,168.0
48,2025-05-01,2025,5,21.0,168.0
48,2025-06-01,2025,6,19.0,152.0
48,2025-07-01,2025,7,22.0,176.0
48,2025-08-01,2025,8,20.0,160.0
48,2025-09-01,2025,9,22.0,176.0
48,2025-10-01,2025,10,23.0,184.0
48,2025-11-01,2025,11,19.0,152.0
50,2024-01-01,2024,1,23.0,184.0
50,2024-02-01,2024,2,21.0,168.0
50,2024-03-01,2024,3,21.0,168.0
50,2024-04-01,2024,4,22.0,176.0
50,2024-05-01,2024,5,23.0,184.0
50,2024-06-01,2024,6,20.0,160.0
50,2024-07-01,2024,7,23.0,184.0
50,2024-08-01,2024,8,22.0,176.0
50,2024-09-01,2024,9,21.0,168.0
50,2024-10-01,2024,10,23.0,184.0
50,2024-11-01,2024,11,21.0,168.0
50,2024-12-01,2024,12,0.0,0.0
50,2025-01-01,2025,1,21.0,168.0
50,2025-02-01,2025,2,20.0,160.0
50,2025-03-01,2025,3,19.0,152.0
50,2025-04-01,2025,4,21.0,168.0
50,2025-05-01,2025,5,21.0,168.0
50,2025-06-01,2025,6,19.0,152.0
50,2025-07-01,2025,7,21.0,168.0
50,2025-08-01,2025,8,20.0,160.0
50,2025-09-01,2025,9,19.125,153.0
50,2025-10-01,2025,10,23.0,184.0
50,2025-11-01,2025,11,13.25,106.0
52,2024-01-01,2024,1,23.0,184.0
52,2024-02-01,2024,2,21.0,168.0
52,2024-03-01,2024,3,21.0,168.0
52,2024-04-01,2024,4,22.0,176.0
52,2024-05-01,2024,5,23.0,184.0
52,2024-06-01,2024,6,5.0,40.0
52,2024-07-01,2024,7,16.0,128.0
52,2024-08-01,2024,8,22.0,176.0
52,2024-09-01,2024,9,21.0,168.0
52,2024-10-01,2024,10,23.0,184.0
52,2024-11-01,2024,11,21.0,168.0
52,2024-12-01,2024,12,22.0,176.0
52,2025-01-01,2025,1,21.0,168.0
52,2025-02-01,2025,2,20.0,160.0
52,2025-03-01,2025,3,19.0,152.0
52,2025-04-01,2025,4,18.0,144.0
52,2025-05-01,2025,5,15.0,120.0
52,2025-06-01,2025,6,18.0,144.0
52,2025-07-01,2025,7,23.0,184.0
52,2025-08-01,2025,8,20.0,160.0
52,2025-09-01,2025,9,22.0,176.0
52,2025-10-01,2025,10,23.0,184.0
52,2025-11-01,2025,11,19.0,152.0
53,2024-01-01,2024,1,23.0,184.0
53,2024-02-01,2024,2,21.0,168.0
53,2024-03-01,2024,3,21.0,168.0
53,2024-04-01,2024,4,22.0,176.0
53,2024-05-01,2024,5,23.0,184.0
53,2024-06-01,2024,6,20.0,160.0
53,2024-07-01,2024,7,23.0,184.0
53,2024-08-01,2024,8,22.0,176.0
53,2024-09-01,2024,9,21.0,168.0
53,2024-10-01,2024,10,23.0,184.0
53,2024-11-01,2024,11,21.0,168.0
53,2024-12-01,2024,12,22.0,176.0
53,2025-01-01,2025,1,21.0,168.0
53,2025-02-01,2025,2,20.0,160.0
53,2025-03-01,2025,3,19.0,152.0
53,2025-04-01,2025,4,18.0,144.0
53,2025-05-01,2025,5,21.0,168.0
53,2025-06-01,2025,6,19.0,152.0
53,2025-07-01,2025,7,23.0,184.0
53,2025-08-01,2025,8,20.0,160.0
53,2025-09-01,2025,9,22.0,176.0
53,2025-10-01,2025,10,23.0,184.0
53,2025-11-01,2025,11,19.0,152.0
58,2024-01-01,2024,1,23.0,184.0
58,2024-02-01,2024,2,21.0,168.0
58,2024-03-01,2024,3,21.0,168.0
58,2024-04-01,2024,4,22.0,176.0
58,2024-05-01,2024,5,23.0,184.0
58,2024-06-01,2024,6,20.0,160.0
58,2024-07-01,2024,7,23.0,184.0
58,2024-08-01,2024,8,22.0,176.0
58,2024-09-01,2024,9,21.0,168.0
58,2024-10-01,2024,10,23.0,184.0
58,2024-11-01,2024,11,21.0,168.0
58,2024-12-01,2024,12,22.0,176.0
58,2025-01-01,2025,1,21.0,168.0
58,2025-02-01,2025,2,20.0,160.0
58,2025-03-01,2025,3,19.0,152.0
58,2025-04-01,2025,4,21.0,168.0
58,2025-05-01,2025,5,21.0,168.0
58,2025-06-01,2025,6,19.0,152.0
58,2025-07-01,2025,7,22.5,180.0
58,2025-08-01,2025,8,20.0,160.0
58,2025-09-01,2025,9,21.375,171.0
58,2025-10-01,2025,10,23.0,184.0
58,2025-11-01,2025,11,19.0,152.0
59,2024-01-01,2024,1,23.0,184.0
59,2024-02-01,2024,2,18.0,144.0
59,2024-03-01,2024,3,19.0,152.0
59,2024-04-01,2024,4,22.0,176.0
59,2024-05-01,2024,5,22.0,176.0
59,2024-06-01,2024,6,20.0,160.0
59,2024-07-01,2024,7,22.0,176.0
59,2024-08-01,2024,8,11.0,88.0
59,2024-09-01,2024,9,13.0,104.0
59,2024-10-01,2024,10,23.0,184.0
59,2024-11-01,2024,11,21.0,168.0
59,2024-12-01,2024,12,16.0,128.0
59,2025-01-01,2025,1,20.0,160.0
59,2025-02-01,2025,2,20.0,160.0
59,2025-03-01,2025,3,19.0,152.0
59,2025-04-01,2025,4,21.0,168.0
59,2025-05-01,2025,5,21.0,168.0
59,2025-06-01,2025,6,19.0,152.0
59,2025-07-01,2025,7,23.0,184.0
59,2025-08-01,2025,8,20.0,160.0
59,2025-09-01,2025,9,22.0,176.0
59,2025-10-01,2025,10,23.0,184.0
59,2025-11-01,2025,11,19.0,152.0
61,2024-01-01,2024,1,22.5,180.0
61,2024-02-01,2024,2,21.0,168.0
61,2024-03-01,2024,3,21.0,168.0
61,2024-04-01,2024,4,22.0,176.0
61,2024-05-01,2024,5,23.0,184.0
61,2024-06-01,2024,6,19.0,152.0
61,2024-07-01,2024,7,23.0,184.0
61,2024-08-01,2024,8,22.0,176.0
61,2024-09-01,2024,9,21.0,168.0
61,2024-10-01,2024,10,23.0,184.0
61,2024-11-01,2024,11,21.0,168.0
61,2024-12-01,2024,12,18.0,144.0
61,2025-01-01,2025,1,21.0,168.0
61,2025-02-01,2025,2,20.0,160.0
61,2025-03-01,2025,3,18.5,148.0
61,2025-04-01,2025,4,21.0,168.0
61,2025-05-01,2025,5,21.0,168.0
61,2025-06-01,2025,6,19.0,152.0
61,2025-07-01,2025,7,23.0,184.0
61,2025-08-01,2025,8,20.0,160.0
61,2025-09-01,2025,9,21.739583333375,173.916666667
61,2025-10-01,2025,10,23.0,184.0
61,2025-11-01,2025,11,19.0,152.0
62,2024-01-01,2024,1,23.0,184.0
62,2024-02-01,2024,2,21.0,168.0
62,2024-03-01,2024,3,21.0,168.0
62,2024-04-01,2024,4,22.0,176.0
62,2024-05-01,2024,5,23.0,184.0
62,2024-06-01,2024,6,19.0,152.0
62,2024-07-01,2024,7,22.9375,183.5
62,2024-08-01,2024,8,22.0,176.0
62,2024-09-01,2024,9,21.0,168.0
62,2024-10-01,2024,10,23.0,184.0
62,2024-11-01,2024,11,21.0,168.0
62,2024-12-01,2024,12,22.0,176.0
62,2025-01-01,2025,1,21.0,168.0
62,2025-02-01,2025,2,20.0,160.0
62,2025-03-01,2025,3,19.0,152.0
62,2025-04-01,2025,4,21.0,168.0
62,2025-05-01,2025,5,21.0,168.0
62,2025-06-01,2025,6,19.0,152.0
62,2025-07-01,2025,7,23.0,184.0
62,2025-08-01,2025,8,20.0,160.0
62,2025-09-01,2025,9,22.0,176.0
62,2025-10-01,2025,10,23.0,184.0
62,2025-11-01,2025,11,19.0,152.0
63,2024-01-01,2024,1,23.0,184.0
63,2024-02-01,2024,2,21.0,168.0
63,2024-03-01,2024,3,21.0,168.0
63,2024-04-01,2024,4,22.0,176.0
63,2024-05-01,2024,5,23.0,184.0
63,2024-06-01,2024,6,18.75,150.0
63,2024-07-01,2024,7,21.0,168.0
63,2024-08-01,2024,8,16.8125,134.5
63,2024-09-01,2024,9,20.60416666675,164.833333334
63,2024-10-01,2024,10,22.0,176.0
63,2024-11-01,2024,11,19.5,156.0
63,2024-12-01,2024,12,21.0,168.0
63,2025-01-01,2025,1,18.0,144.0
63,2025-02-01,2025,2,19.60416666675,156.833333334
63,2025-03-01,2025,3,18.25,146.0
63,2025-04-01,2025,4,20.8125,166.5
63,2025-05-01,2025,5,19.09375,152.75
63,2025-06-01,2025,6,18.8125,150.5
63,2025-07-01,2025,7,21.60416666675,172.833333334
63,2025-08-01,2025,8,17.125,137.0
63,2025-09-01,2025,9,22.0,176.0
63,2025-10-01,2025,10,23.0,184.0
63,2025-11-01,2025,11,19.0,152.0
64,2024-01-01,2024,1,23.0,184.0
64,2024-02-01,2024,2,21.0,168.0
64,2024-03-01,2024,3,21.0,168.0
64,2024-04-01,2024,4,22.0,176.0
64,2024-05-01,2024,5,23.0,184.0
64,2024-06-01,2024,6,19.0,152.0
64,2024-07-01,2024,7,22.66666666675,181.333333334
64,2024-08-01,2024,8,21.85416666675,174.833333334
64,2024-09-01,2024,9,21.0,168.0
64,2024-10-01,2024,10,23.0,184.0
64,2024-11-01,2024,11,21.0,168.0
64,2024-12-01,2024,12,22.0,176.0
64,2025-01-01,2025,1,21.0,168.0
64,2025-02-01,2025,2,20.0,160.0
64,2025-03-01,2025,3,19.0,152.0
64,2025-04-01,2025,4,21.0,168.0
64,2025-05-01,2025,5,21.0,168.0
64,2025-06-01,2025,6,19.0,152.0
64,2025-07-01,2025,7,20.0,160.0
64,2025-08-01,2025,8,20.0,160.0
64,2025-09-01,2025,9,22.0,176.0
64,2025-10-01,2025,10,23.0,184.0
64,2025-11-01,2025,11,19.0,152.0
65,2024-01-01,2024,1,23.0,184.0
65,2024-02-01,2024,2,21.0,168.0
65,2024-03-01,2024,3,21.0,168.0
65,2024-04-01,2024,4,22.0,176.0
65,2024-05-01,2024,5,23.0,184.0
65,2024-06-01,2024,6,20.0,160.0
65,2024-07-01,2024,7,23.0,184.0
65,2024-08-01,2024,8,22.0,176.0
65,2024-09-01,2024,9,21.0,168.0
65,2024-10-01,2024,10,23.0,184.0
65,2024-11-01,2024,11,21.0,168.0
65,2024-12-01,2024,12,22.0,176.0
65,2025-01-01,2025,1,21.0,168.0
65,2025-02-01,2025,2,20.0,160.0
65,2025-03-01,2025,3,19.0,152.0
65,2025-04-01,2025,4,21.0,168.0
65,2025-05-01,2025,5,21.0,168.0
65,2025-06-01,2025,6,19.0,152.0
65,2025-07-01,2025,7,23.0,184.0
65,2025-08-01,2025,8,20.0,160.0
65,2025-09-01,2025,9,22.0,176.0
65,2025-10-01,2025,10,23.0,184.0
65,2025-11-01,2025,11,19.0,152.0
66,2024-01-01,2024,1,23.0,184.0
66,2024-02-01,2024,2,21.0,168.0
66,2024-03-01,2024,3,21.0,168.0
66,2024-04-01,2024,4,22.0,176.0
66,2024-05-01,2024,5,23.0,184.0
66,2024-06-01,2024,6,20.0,160.0
66,2024-07-01,2024,7,23.0,184.0
66,2024-08-01,2024,8,22.0,176.0
66,2024-09-01,2024,9,21.0,168.0
66,2024-10-01,2024,10,23.0,184.0
66,2024-11-01,2024,11,21.0,168.0
66,2024-12-01,2024,12,22.0,176.0
66,2025-01-01,2025,1,21.0,168.0
66,2025-02-01,2025,2,20.0,160.0
66,2025-03-01,2025,3,19.0,152.0
66,2025-04-01,2025,4,21.0,168.0
66,2025-05-01,2025,5,21.0,168.0
66,2025-06-01,2025,6,19.0,152.0
66,2025-07-01,2025,7,23.0,184.0
66,2025-08-01,2025,8,20.0,160.0
66,2025-09-01,2025,9,22.0,176.0
66,2025-10-01,2025,10,23.0,184.0
66,2025-11-01,2025,11,19.0,152.0
75,2024-01-01,2024,1,23.0,184.0
75,2024-02-01,2024,2,21.0,168.0
75,2024-03-01,2024,3,21.0,168.0
75,2024-04-01,2024,4,22.0,176.0
75,2024-05-01,2024,5,23.0,184.0
75,2024-06-01,2024,6,20.0,160.0
75,2024-07-01,2024,7,19.0,152.0
75,2024-08-01,2024,8,22.0,176.0
75,2024-09-01,2024,9,21.0,168.0
75,2024-10-01,2024,10,23.0,184.0
75,2024-11-01,2024,11,21.0,168.0
75,2024-12-01,2024,12,22.0,176.0
75,2025-01-01,2025,1,21.0,168.0
75,2025-02-01,2025,2,20.0,160.0
75,2025-03-01,2025,3,17.0,136.0
75,2025-04-01,2025,4,20.5,164.0
75,2025-05-01,2025,5,21.0,168.0
75,2025-06-01,2025,6,18.375,147.0
75,2025-07-01,2025,7,14.375,115.0
75,2025-08-01,2025,8,19.0,152.0
75,2025-09-01,2025,9,22.0,176.0
75,2025-10-01,2025,10,23.0,184.0
75,2025-11-01,2025,11,19.0,152.0
78,2024-01-01,2024,1,23.0,184.0
78,2024-02-01,2024,2,21.0,168.0
78,2024-03-01,2024,3,21.0,168.0
78,2024-04-01,2024,4,22.0,176.0
78,2024-05-01,2024,5,23.0,184.0
78,2024-06-01,2024,6,20.0,160.0
78,2024-07-01,2024,7,23.0,184.0
78,2024-08-01,2024,8,22.0,176.0
78,2024-09-01,2024,9,21.0,168.0
78,2024-10-01,2024,10,23.0,184.0
78,2024-11-01,2024,11,21.0,168.0
78,2024-12-01,2024,12,22.0,176.0
78,2025-01-01,2025,1,21.0,168.0
78,2025-02-01,2025,2,20.0,160.0
78,2025-03-01,2025,3,19.0,152.0
78,2025-04-01,2025,4,21.0,168.0
78,2025-05-01,2025,5,21.0,168.0
78,2025-06-01,2025,6,19.0,152.0
78,2025-07-01,2025,7,23.0,184.0
78,2025-08-01,2025,8,20.0,160.0
78,2025-09-01,2025,9,22.0,176.0
78,2025-10-01,2025,10,23.0,184.0
78,2025-11-01,2025,11,19.0,152.0
79,2024-01-01,2024,1,23.0,184.0
79,2024-02-01,2024,2,21.0,168.0
79,2024-03-01,2024,3,21.0,168.0
79,2024-04-01,2024,4,22.0,176.0
79,2024-05-01,2024,5,23.0,184.0
79,2024-06-01,2024,6,18.0,144.0
79,2024-07-01,2024,7,23.0,184.0
79,2024-08-01,2024,8,22.0,176.0
79,2024-09-01,2024,9,21.0,168.0
79,2024-10-01,2024,10,23.0,184.0
79,2024-11-01,2024,11,21.0,168.0
79,2024-12-01,2024,12,18.0,144.0
79,2025-01-01,2025,1,21.0,168.0
79,2025-02-01,2025,2,20.0,160.0
79,2025-03-01,2025,3,19.0,152.0
79,2025-04-01,2025,4,21.0,168.0
79,2025-05-01,2025,5,21.0,168.0
79,2025-06-01,2025,6,19.0,152.0
79,2025-07-01,2025,7,22.0,176.0
79,2025-08-01,2025,8,18.0,144.0
79,2025-09-01,2025,9,18.0,144.0
79,2025-10-01,2025,10,23.0,184.0
79,2025-11-01,2025,11,19.0,152.0
80,2024-01-01,2024,1,23.0,184.0
80,2024-02-01,2024,2,21.0,168.0
80,2024-03-01,2024,3,21.0,168.0
80,2024-04-01,2024,4,22.0,176.0
80,2024-05-01,2024,5,23.0,184.0
80,2024-06-01,2024,6,20.0,160.0
80,2024-07-01,2024,7,23.0,184.0
80,2024-08-01,2024,8,22.0,176.0
80,2024-09-01,2024,9,21.0,168.0
80,2024-10-01,2024,10,23.0,184.0
80,2024-11-01,2024,11,21.0,168.0
80,2024-12-01,2024,12,22.0,176.0
80,2025-01-01,2025,1,21.0,168.0
80,2025-02-01,2025,2,20.0,160.0
80,2025-03-01,2025,3,19.0,152.0
80,2025-04-01,2025,4,21.0,168.0
80,2025-05-01,2025,5,21.0,168.0
80,2025-06-01,2025,6,19.0,152.0
80,2025-07-01,2025,7,23.0,184.0
80,2025-08-01,2025,8,20.0,160.0
80,2025-09-01,2025,9,22.0,176.0
80,2025-10-01,2025,10,23.0,184.0
80,2025-11-01,2025,11,19.0,152.0
82,2024-01-01,2024,1,23.0,184.0
82,2024-02-01,2024,2,21.0,168.0
82,2024-03-01,2024,3,21.0,168.0
82,2024-04-01,2024,4,22.0,176.0
82,2024-05-01,2024,5,23.0,184.0
82,2024-06-01,2024,6,20.0,160.0
82,2024-07-01,2024,7,23.0,184.0
82,2024-08-01,2024,8,22.0,176.0
82,2024-09-01,2024,9,21.0,168.0
82,2024-10-01,2024,10,23.0,184.0
82,2024-11-01,2024,11,21.0,168.0
82,2024-12-01,2024,12,22.0,176.0
82,2025-01-01,2025,1,21.0,168.0
82,2025-02-01,2025,2,20.0,160.0
82,2025-03-01,2025,3,19.0,152.0
82,2025-04-01,2025,4,21.0,168.0
82,2025-05-01,2025,5,21.0,168.0
82,2025-06-01,2025,6,19.0,152.0
82,2025-07-01,2025,7,23.0,184.0
82,2025-08-01,2025,8,20.0,160.0
82,2025-09-01,2025,9,22.0,176.0
82,2025-10-01,2025,10,23.0,184.0
82,2025-11-01,2025,11,19.0,152.0
83,2024-06-01,2024,6,20.0,160.0
83,2024-07-01,2024,7,23.0,184.0
83,2024-08-01,2024,8,22.0,176.0
83,2024-09-01,2024,9,21.0,168.0
83,2024-10-01,2024,10,23.0,184.0
83,2024-11-01,2024,11,21.0,168.0
83,2024-12-01,2024,12,22.0,176.0
83,2025-01-01,2025,1,21.0,168.0
83,2025-02-01,2025,2,20.0,160.0
83,2025-03-01,2025,3,19.0,152.0
83,2025-04-01,2025,4,21.0,168.0
83,2025-05-01,2025,5,21.0,168.0
83,2025-06-01,2025,6,19.0,152.0
83,2025-07-01,2025,7,23.0,184.0
83,2025-08-01,2025,8,20.0,160.0
83,2025-09-01,2025,9,22.0,176.0
83,2025-10-01,2025,10,23.0,184.0
83,2025-11-01,2025,11,19.0,152.0
85,2024-01-01,2024,1,23.0,184.0
85,2024-02-01,2024,2,21.0,168.0
85,2024-03-01,2024,3,21.0,168.0
85,2024-04-01,2024,4,22.0,176.0
85,2024-05-01,2024,5,18.0,144.0
85,2024-06-01,2024,6,15.0,120.0
85,2024-07-01,2024,7,23.0,184.0
85,2024-08-01,2024,8,22.0,176.0
85,2024-09-01,2024,9,21.0,168.0
85,2024-10-01,2024,10,21.0625,168.5
85,2024-11-01,2024,11,18.3125,146.5
85,2024-12-01,2024,12,17.375,139.0
85,2025-01-01,2025,1,20.0,160.0
85,2025-02-01,2025,2,16.25,130.0
85,2025-03-01,2025,3,14.625,117.0
85,2025-04-01,2025,4,16.875,135.0
85,2025-05-01,2025,5,17.8125,142.5
85,2025-06-01,2025,6,16.9375,135.5
85,2025-07-01,2025,7,22.75,182.0
85,2025-08-01,2025,8,20.0,160.0
85,2025-09-01,2025,9,21.8125,174.5
85,2025-10-01,2025,10,23.0,184.0
85,2025-11-01,2025,11,19.0,152.0
87,2024-01-01,2024,1,23.0,184.0
87,2024-02-01,2024,2,21.0,168.0
87,2024-03-01,2024,3,21.0,168.0
87,2024-04-01,2024,4,22.0,176.0
87,2024-05-01,2024,5,23.0,184.0
87,2024-06-01,2024,6,20.0,160.0
87,2024-07-01,2024,7,23.0,184.0
87,2024-08-01,2024,8,22.0,176.0
87,2024-09-01,2024,9,21.0,168.0
87,2024-10-01,2024,10,23.0,184.0
87,2024-11-01,2024,11,21.0,168.0
87,2024-12-01,2024,12,16.0,128.0
87,2025-01-01,2025,1,21.0,168.0
87,2025-02-01,2025,2,19.0,152.0
87,2025-03-01,2025,3,18.0,144.0
87,2025-04-01,2025,4,21.0,168.0
87,2025-05-01,2025,5,21.0,168.0
87,2025-06-01,2025,6,19.0,152.0
87,2025-07-01,2025,7,23.0,184.0
87,2025-08-01,2025,8,19.0,152.0
87,2025-09-01,2025,9,22.0,176.0
87,2025-10-01,2025,10,23.0,184.0
87,2025-11-01,2025,11,19.0,152.0
88,2024-05-01,2024,5,10.0,80.0
88,2024-06-01,2024,6,20.0,160.0
88,2024-07-01,2024,7,23.0,184.0
88,2024-08-01,2024,8,22.0,176.0
88,2024-09-01,2024,9,15.0,120.0
88,2024-10-01,2024,10,19.0,152.0
88,2024-11-01,2024,11,21.0,168.0
88,2024-12-01,2024,12,22.0,176.0
88,2025-01-01,2025,1,21.0,168.0
88,2025-02-01,2025,2,20.0,160.0
88,2025-03-01,2025,3,19.0,152.0
88,2025-04-01,2025,4,21.0,168.0
88,2025-05-01,2025,5,21.0,168.0
88,2025-06-01,2025,6,19.0,152.0
88,2025-07-01,2025,7,23.0,184.0
88,2025-08-01,2025,8,20.0,160.0
88,2025-09-01,2025,9,22.0,176.0
88,2025-10-01,2025,10,23.0,184.0
88,2025-11-01,2025,11,19.0,152.0
90,2024-06-01,2024,6,20.0,160.0
90,2024-07-01,2024,7,23.0,184.0
90,2024-08-01,2024,8,22.0,176.0
90,2024-09-01,2024,9,21.0,168.0
90,2024-10-01,2024,10,17.09375,136.75
90,2024-11-01,2024,11,14.09375,112.75
90,2024-12-01,2024,12,12.5,100.0
90,2025-01-01,2025,1,20.0,160.0
90,2025-02-01,2025,2,11.0,88.0
90,2025-03-01,2025,3,10.75,86.0
90,2025-04-01,2025,4,14.875,119.0
90,2025-05-01,2025,5,14.0,112.0
90,2025-06-01,2025,6,14.5,116.0
90,2025-07-01,2025,7,22.5625,180.5
90,2025-08-01,2025,8,12.125,97.0
90,2025-09-01,2025,9,13.5,108.0
90,2025-10-01,2025,10,23.0,184.0
90,2025-11-01,2025,11,19.0,152.0
91,2024-06-01,2024,6,20.0,160.0
91,2024-07-01,2024,7,23.0,184.0
91,2024-08-01,2024,8,22.0,176.0
91,2024-09-01,2024,9,21.0,168.0
91,2024-10-01,2024,10,16.625,133.0
91,2024-11-01,2024,11,11.09375,88.75
91,2024-12-01,2024,12,13.9375,111.5
91,2025-01-01,2025,1,21.0,168.0
91,2025-02-01,2025,2,9.5,76.0
91,2025-03-01,2025,3,10.5,84.0
91,2025-04-01,2025,4,11.5,92.0
91,2025-05-01,2025,5,9.177083333375,73.416666667
91,2025-06-01,2025,6,9.1875,73.5
91,2025-07-01,2025,7,22.5625,180.5
91,2025-08-01,2025,8,12.125,97.0
91,2025-09-01,2025,9,13.0,104.0
91,2025-10-01,2025,10,23.0,184.0
91,2025-11-01,2025,11,19.0,152.0
92,2024-07-01,2024,7,13.0,104.0
92,2024-08-01,2024,8,22.0,176.0
92,2024-09-01,2024,9,21.0,168.0
92,2024-10-01,2024,10,19.5,156.0
92,2024-11-01,2024,11,21.0,168.0
92,2024-12-01,2024,12,22.0,176.0
92,2025-01-01,2025,1,21.0,168.0
92,2025-02-01,2025,2,20.0,160.0
92,2025-03-01,2025,3,19.0,152.0
92,2025-04-01,2025,4,21.0,168.0
92,2025-05-01,2025,5,21.0,168.0
92,2025-06-01,2025,6,19.0,152.0
92,2025-07-01,2025,7,23.0,184.0
92,2025-08-01,2025,8,20.0,160.0
92,2025-09-01,2025,9,22.0,176.0
92,2025-10-01,2025,10,23.0,184.0
92,2025-11-01,2025,11,19.0,152.0
95,2024-08-01,2024,8,10.0,80.0
95,2024-09-01,2024,9,21.0,168.0
95,2024-10-01,2024,10,23.0,184.0
95,2024-11-01,2024,11,20.5,164.0
95,2024-12-01,2024,12,21.5,172.0
95,2025-01-01,2025,1,21.0,168.0
95,2025-02-01,2025,2,20.0,160.0
95,2025-03-01,2025,3,19.0,152.0
95,2025-04-01,2025,4,21.0,168.0
95,2025-05-01,2025,5,21.0,168.0
95,2025-06-01,2025,6,18.25,146.0
95,2025-07-01,2025,7,23.0,184.0
95,2025-08-01,2025,8,16.625,133.0
95,2025-09-01,2025,9,22.0,176.0
95,2025-10-01,2025,10,23.0,184.0
95,2025-11-01,2025,11,19.0,152.0
96,2024-10-01,2024,10,12.0,96.0
96,2024-11-01,2024,11,21.0,168.0
96,2024-12-01,2024,12,22.0,176.0
96,2025-01-01,2025,1,21.0,168.0
96,2025-02-01,2025,2,20.0,160.0
96,2025-03-01,2025,3,19.0,152.0
96,2025-04-01,2025,4,21.0,168.0
96,2025-05-01,2025,5,21.0,168.0
96,2025-06-01,2025,6,19.0,152.0
96,2025-07-01,2025,7,23.0,184.0
96,2025-08-01,2025,8,20.0,160.0
96,2025-09-01,2025,9,22.0,176.0
96,2025-10-01,2025,10,23.0,184.0
96,2025-11-01,2025,11,19.0,152.0
97,2024-10-01,2024,10,19.0,152.0
97,2024-11-01,2024,11,21.0,168.0
97,2024-12-01,2024,12,22.0,176.0
97,2025-01-01,2025,1,21.0,168.0
97,2025-02-01,2025,2,20.0,160.0
97,2025-03-01,2025,3,19.0,152.0
97,2025-04-01,2025,4,21.0,168.0
97,2025-05-01,2025,5,21.0,168.0
97,2025-06-01,2025,6,19.0,152.0
97,2025-07-01,2025,7,23.0,184.0
97,2025-08-01,2025,8,20.0,160.0
97,2025-09-01,2025,9,22.0,176.0
97,2025-10-01,2025,10,23.0,184.0
97,2025-11-01,2025,11,19.0,152.0
102,2025-01-01,2025,1,18.0,144.0
102,2025-02-01,2025,2,20.0,160.0
102,2025-03-01,2025,3,19.0,152.0
102,2025-04-01,2025,4,21.0,168.0
102,2025-05-01,2025,5,21.0,168.0
102,2025-06-01,2025,6,19.0,152.0
102,2025-07-01,2025,7,23.0,184.0
102,2025-08-01,2025,8,20.0,160.0
102,2025-09-01,2025,9,22.0,176.0
102,2025-10-01,2025,10,23.0,184.0
102,2025-11-01,2025,11,19.0,152.0
103,2025-01-01,2025,1,18.0,144.0
103,2025-02-01,2025,2,20.0,160.0
103,2025-03-01,2025,3,19.0,152.0
103,2025-04-01,2025,4,21.0,168.0
103,2025-05-01,2025,5,21.0,168.0
103,2025-06-01,2025,6,19.0,152.0
103,2025-07-01,2025,7,23.0,184.0
103,2025-08-01,2025,8,20.0,160.0
103,2025-09-01,2025,9,22.0,176.0
103,2025-10-01,2025,10,23.0,184.0
103,2025-11-01,2025,11,19.0,152.0
104,2025-01-01,2025,1,18.0,144.0
104,2025-02-01,2025,2,20.0,160.0
104,2025-03-01,2025,3,19.0,152.0
104,2025-04-01,2025,4,21.0,168.0
104,2025-05-01,2025,5,21.0,168.0
104,2025-06-01,2025,6,19.0,152.0
104,2025-07-01,2025,7,22.0,176.0
104,2025-08-01,2025,8,20.0,160.0
104,2025-09-01,2025,9,22.0,176.0
104,2025-10-01,2025,10,23.0,184.0
104,2025-11-01,2025,11,19.0,152.0
105,2025-02-01,2025,2,13.0,104.0
105,2025-03-01,2025,3,19.0,152.0
105,2025-04-01,2025,4,21.0,168.0
105,2025-05-01,2025,5,21.0,168.0
105,2025-06-01,2025,6,19.0,152.0
105,2025-07-01,2025,7,23.0,184.0
105,2025-08-01,2025,8,20.0,160.0
105,2025-09-01,2025,9,22.0,176.0
105,2025-10-01,2025,10,23.0,184.0
105,2025-11-01,2025,11,19.0,152.0
107,2024-01-01,2024,1,23.0,184.0
107,2024-02-01,2024,2,21.0,168.0
107,2024-03-01,2024,3,21.0,168.0
107,2024-04-01,2024,4,22.0,176.0
107,2024-05-01,2024,5,23.0,184.0
107,2024-06-01,2024,6,20.0,160.0
107,2024-07-01,2024,7,23.0,184.0
107,2024-08-01,2024,8,22.0,176.0
107,2024-09-01,2024,9,21.0,168.0
107,2024-10-01,2024,10,23.0,184.0
107,2024-11-01,2024,11,21.0,168.0
107,2024-12-01,2024,12,22.0,176.0
107,2025-01-01,2025,1,21.0,168.0
107,2025-02-01,2025,2,20.0,160.0
107,2025-03-01,2025,3,19.0,152.0
107,2025-04-01,2025,4,21.0,168.0
107,2025-05-01,2025,5,21.0,168.0
107,2025-06-01,2025,6,19.0,152.0
107,2025-07-01,2025,7,23.0,184.0
107,2025-08-01,2025,8,20.0,160.0
107,2025-09-01,2025,9,22.0,176.0
107,2025-10-01,2025,10,23.0,184.0
107,2025-11-01,2025,11,19.0,152.0
108,2024-01-01,2024,1,23.0,184.0
108,2024-02-01,2024,2,21.0,168.0
108,2024-03-01,2024,3,21.0,168.0
108,2024-04-01,2024,4,22.0,176.0
108,2024-05-01,2024,5,23.0,184.0
108,2024-06-01,2024,6,20.0,160.0
108,2024-07-01,2024,7,23.0,184.0
108,2024-08-01,2024,8,22.0,176.0
108,2024-09-01,2024,9,21.0,168.0
108,2024-10-01,2024,10,23.0,184.0
108,2024-11-01,2024,11,21.0,168.0
108,2024-12-01,2024,12,22.0,176.0
108,2025-01-01,2025,1,21.0,168.0
108,2025-02-01,2025,2,20.0,160.0
108,2025-03-01,2025,3,19.0,152.0
108,2025-04-01,2025,4,21.0,168.0
108,2025-05-01,2025,5,21.0,168.0
108,2025-06-01,2025,6,19.0,152.0
108,2025-07-01,2025,7,23.0,184.0
108,2025-08-01,2025,8,20.0,160.0
108,2025-09-01,2025,9,22.0,176.0
108,2025-10-01,2025,10,23.0,184.0
108,2025-11-01,2025,11,19.0,152.0
109,2024-01-01,2024,1,23.0,184.0
109,2024-02-01,2024,2,21.0,168.0
109,2024-03-01,2024,3,21.0,168.0
109,2024-04-01,2024,4,22.0,176.0
109,2024-05-01,2024,5,23.0,184.0
109,2024-06-01,2024,6,20.0,160.0
109,2024-07-01,2024,7,23.0,184.0
109,2024-08-01,2024,8,22.0,176.0
109,2024-09-01,2024,9,21.0,168.0
109,2024-10-01,2024,10,23.0,184.0
109,2024-11-01,2024,11,21.0,168.0
109,2024-12-01,2024,12,22.0,176.0
109,2025-01-01,2025,1,21.0,168.0
109,2025-02-01,2025,2,20.0,160.0
109,2025-03-01,2025,3,19.0,152.0
109,2025-04-01,2025,4,21.0,168.0
109,2025-05-01,2025,5,21.0,168.0
109,2025-06-01,2025,6,19.0,152.0
109,2025-07-01,2025,7,23.0,184.0
109,2025-08-01,2025,8,20.0,160.0
109,2025-09-01,2025,9,22.0,176.0
109,2025-10-01,2025,10,23.0,184.0
109,2025-11-01,2025,11,19.0,152.0
110,2025-03-01,2025,3,19.0,152.0
110,2025-04-01,2025,4,21.0,168.0
110,2025-05-01,2025,5,21.0,168.0
110,2025-06-01,2025,6,19.0,152.0
110,2025-07-01,2025,7,22.0,176.0
110,2025-08-01,2025,8,19.0,152.0
110,2025-09-01,2025,9,22.0,176.0
110,2025-10-01,2025,10,23.0,184.0
110,2025-11-01,2025,11,19.0,152.0
111,2025-03-01,2025,3,14.0,112.0
111,2025-04-01,2025,4,21.0,168.0
111,2025-05-01,2025,5,21.0,168.0
111,2025-06-01,2025,6,19.0,152.0
111,2025-07-01,2025,7,23.0,184.0
111,2025-08-01,2025,8,20.0,160.0
111,2025-09-01,2025,9,22.0,176.0
111,2025-10-01,2025,10,23.0,184.0
111,2025-11-01,2025,11,19.0,152.0
